t,el1,el2
0,-7.2269926,-5.90416
1,-7.285322,-5.946945
2,-7.368603,-6.010339
3,-7.4378,-6.064316
4,-7.523277,-6.12545
5,-7.627883,-6.1927185
6,-7.6833725,-6.253366
7,-7.7737885,-6.3144326
8,-7.850712,-6.3723993
9,-7.9361825,-6.431019
10,-8.012485,-6.487732
11,-8.101853,-6.549812
12,-8.180693,-6.6058283
13,-8.26584,-6.6667285
14,-8.340388,-6.722012
15,-8.416496,-6.773967
16,-7.5899534,-5.986572
17,-6.303462,-4.8634243
18,-5.377825,-4.0143847
19,-4.38365,-3.1987956
20,-3.8628454,-3.0630434
21,-3.9109871,-3.148069
22,-4.095579,-3.3105934
23,-4.3028555,-3.4706752
24,-4.5160203,-3.634493
25,-4.7159457,-3.780549
26,-4.8846498,-3.915918
27,-5.018588,-4.0080543
28,-5.0801296,-4.0483375
29,-4.999202,-3.9650083
30,-3.9201698,-3.098528
31,-1.476963,-0.9064069
32,0.24066208,0.54234165
33,0.7964211,0.83264166
34,0.86751556,0.92562246
35,0.85457677,0.91550034
36,0.79560363,0.8690975
37,0.71847296,0.80704623
38,0.6334938,0.7194571
39,0.53574216,0.6528259
40,0.44257978,0.5593354
41,0.332741,0.476614
42,0.20928715,0.3848717
43,0.1011572,0.28138596
44,-0.02767835,0.1725231
45,-0.17734298,0.05866226
46,-0.3419132,-0.07354822
47,-0.5278067,-0.22682486
48,-0.74898523,-0.40365842
49,-1.002692,-0.6292697
50,-1.2995926,-0.82515234
51,-1.6389315,-1.1052732
52,-2.0078259,-1.399547
53,-2.3779767,-1.7133399
54,-2.752965,-2.047187
55,-3.1040301,-2.3564754
56,-3.402274,-2.6536689
57,-3.5869129,-2.8816793
58,-3.617573,-2.9992316
59,-3.3718607,-2.9695768
60,-2.665794,-2.673246
61,-1.1692076,-1.8539159
62,0.9057506,-0.2760167
63,2.2690475,1.2285594
64,2.6954648,1.745489
65,2.7442024,1.8478153
66,2.8124533,1.8669502
67,2.7705052,1.8406432
68,2.7085602,1.7893276
69,2.6346471,1.7250744
70,2.5276716,1.652098
71,2.4272642,1.5646027
72,2.3117614,1.4861628
73,2.1803412,1.3927858
74,2.0622468,1.3142439
75,1.9197048,1.2068648
76,1.7915608,1.0750102
77,1.6371167,0.9820876
78,1.4752849,0.85880554
79,1.2976367,0.73252153
80,1.0856827,0.5869255
81,0.8924219,0.4224694
82,0.65683025,0.24355774
83,0.39884123,0.049613014
84,0.11195372,-0.15632191
85,-0.19140731,-0.39018404
86,-0.5189528,-0.6187944
87,-0.8363826,-0.8573286
88,-1.1789397,-1.1253994
89,-1.515651,-1.3641814
90,-1.8483565,-1.6209887
91,-2.1678813,-1.8607081
92,-2.4759064,-2.0984466
93,-2.7657254,-2.317964
94,-3.029869,-2.521078
95,-3.2614253,-2.701564
96,-3.4722395,-2.859624
97,-3.6350763,-2.9931312
98,-3.757569,-3.07839
99,-3.766602,-3.0918674
100,-3.5542943,-2.9105804
101,-2.8802736,-2.2782617
102,-1.6102834,-0.94607323
103,-0.5669074,0.18704271
104,-0.24979678,0.56699955
105,-0.10949164,0.65689003
106,-0.10162899,0.68251187
107,-0.09336986,0.6850068
108,-0.0801531,0.6875056
109,-0.032450847,0.69371486
110,0.04335463,0.7145866
111,0.14528534,0.7462158
112,0.26793543,0.7606489
113,0.3843308,0.8098194
114,0.51867914,0.8427302
115,0.6181321,0.86395776
116,0.7058772,0.86998147
117,0.77805066,0.8619745
118,0.8331142,0.84107935
119,0.8567476,0.8107185
120,0.89083904,0.72690743
121,0.8975253,0.6993662
122,0.8722654,0.6198622
123,0.8343677,0.50653404
124,0.775055,0.39526594
125,0.6841393,0.26780766
126,0.595687,0.1274309
127,0.4854266,-0.028450014
128,0.36600646,-0.1779687
129,0.23334916,-0.3289246
130,0.09172612,-0.48301396
131,-0.027618363,-0.6293503
132,-0.16493347,-0.7673744
133,-0.30050576,-0.9055562
134,-0.44245058,-1.0714693
135,-0.5739715,-1.1476201
136,-0.69722337,-1.2734438
137,-0.8081191,-1.3466597
138,-0.8807319,-1.3990188
139,-0.9055193,-1.4000705
140,-0.8382655,-1.2924044
141,-0.5766794,-0.97846305
142,-0.09028574,-0.40029013
143,0.49400982,0.33631122
144,0.97749776,0.91630614
145,1.2172041,1.2514333
146,1.3765243,1.4377079
147,1.4416257,1.5468463
148,1.4812949,1.6074412
149,1.492782,1.6589526
150,1.4845258,1.6822735
151,1.4663558,1.6988868
152,1.4411366,1.6855036
153,1.4119074,1.6900187
154,1.3643146,1.6668469
155,1.3191506,1.6411295
156,1.2609409,1.5949667
157,1.1968342,1.5510587
158,1.1167911,1.4845691
159,1.0296468,1.4331676
160,0.9384474,1.3563086
161,0.83407986,1.2654654
162,0.713249,1.1627698
163,0.59866,1.0385834
164,0.4373062,0.9065566
165,0.3093733,0.771828
166,0.16289689,0.6269339
167,0.02378771,0.4802004
168,-0.13338962,0.32345545
169,-0.28145856,0.17483439
170,-0.42067093,0.02182055
171,-0.55478203,-0.1097796
172,-0.67521536,-0.2505554
173,-0.78825337,-0.3803779
174,-0.9133702,-0.5286507
175,-0.98797506,-0.6140458
176,-1.0770193,-0.7301953
177,-1.1415247,-0.8164119
178,-1.2027781,-0.9163282
179,-1.2551615,-0.98805356
180,-1.2784199,-1.0583225
181,-1.317488,-1.1262685
182,-1.314077,-1.1814882
183,-1.3188329,-1.2245184
184,-1.3026026,-1.2680889
185,-1.2673256,-1.2739877
186,-1.2127692,-1.280352
187,-1.1304073,-1.2415605
188,-1.0067213,-1.177188
189,-0.831167,-1.0537167
190,-0.5949581,-0.8659408
191,-0.29785085,-0.61948514
192,0.017996753,-0.30813015
193,0.33294865,-0.012336769
194,0.631726,0.26496708
195,0.90578187,0.53132826
196,1.1369358,0.75322145
197,1.3355577,0.9257451
198,1.5103236,1.0859529
199,1.6625657,1.2362773
200,1.7859098,1.3593937
201,1.8925622,1.4520583
202,1.9897065,1.5493292
203,2.0244498,1.6245025
204,2.1139526,1.6861641
205,2.1877236,1.742387
206,2.230412,1.7878002
207,2.2512608,1.8267395
208,2.2478318,1.8390373
209,2.2524037,1.86634
210,2.2353935,1.8649554
211,2.1952772,1.8569424
212,2.15734,1.842719
213,2.1034164,1.788636
214,2.0076115,1.7557344
215,1.9584414,1.7169185
216,1.8646084,1.6397328
217,1.7730095,1.5810174
218,1.6273122,1.4908835
219,1.5507364,1.4173644
220,1.4321836,1.3265392
221,1.3213122,1.2399896
222,1.1796478,1.131262
223,1.0663042,1.0264235
224,0.9390038,0.9168908
225,0.8005312,0.8137123
226,0.6822462,0.7124082
227,0.5533981,0.6087407
228,0.4255899,0.49941975
229,0.2953113,0.38921276
230,0.17320131,0.2865351
231,0.058318228,0.18320723
232,-0.08025577,0.06941744
233,-0.20590876,-0.032151442
234,-0.33132538,-0.14526208
235,-0.4401656,-0.22133817
236,-0.5575736,-0.30625924
237,-0.6652833,-0.3955217
238,-0.773972,-0.49407873
239,-0.87271833,-0.5742382
240,-0.9824245,-0.6596339
241,-1.0643983,-0.73260105
242,-1.1300325,-0.802566
243,-1.1882133,-0.86039853
244,-1.2353675,-0.9071209
245,-1.27409,-0.93445694
246,-1.2519947,-0.9416846
247,-1.2205151,-0.9301587
248,-1.1522875,-0.8909952
249,-1.0506792,-0.80921143
250,-0.8951039,-0.70689404
251,-0.7027967,-0.56405973
252,-0.47225225,-0.40201607
253,-0.23190922,-0.2080773
254,0.04271553,-0.019990213
255,0.33025345,0.17631416
256,0.55468756,0.3800925
257,0.8441252,0.5703258
258,1.115165,0.7610272
259,1.3322026,0.92659754
260,1.5504439,1.0817639
261,1.742377,1.2337855
262,1.9082854,1.3510629
263,2.0683625,1.4900163
264,2.2010381,1.5787482
265,2.3196192,1.6771154
266,2.419493,1.7527655
267,2.5030146,1.8172632
268,2.5657167,1.8689818
269,2.6201835,1.9149407
270,2.6520307,1.9595165
271,2.6781893,1.9672403
272,2.686904,2.007239
273,2.681458,2.0127754
274,2.6615155,2.0139112
275,2.631586,1.9953816
276,2.5831974,1.9799145
277,2.5369933,1.9535639
278,2.4712744,1.8911867
279,2.3908446,1.8535935
280,2.3081102,1.8092276
281,2.2147493,1.7519804
282,2.1176887,1.6871865
283,2.012243,1.6137695
284,1.9052444,1.5417744
285,1.7951543,1.4619087
286,1.6301363,1.3752848
287,1.530142,1.2895776
288,1.4095258,1.1867168
289,1.2753781,1.0785627
290,1.1382772,1.000365
291,1.0153544,0.90210503
292,0.8746126,0.8030217
293,0.7450919,0.69674003
294,0.6183947,0.5921364
295,0.4825488,0.4958017
296,0.35797057,0.3954778
297,0.23143877,0.28954077
298,0.06862243,0.19072738
299,-0.014699383,0.10025232
300,-0.13912864,0.0042814645
301,-0.25584185,-0.08497708
302,-0.37335333,-0.17031382
303,-0.47469875,-0.25545904
304,-0.5714038,-0.34883565
305,-0.6612245,-0.42093956
306,-0.7389133,-0.48450786
307,-0.80272824,-0.5518216
308,-0.86000055,-0.5973716
309,-0.892593,-0.62649035
310,-0.91091716,-0.6497608
311,-0.8909964,-0.64864266
312,-0.85039264,-0.63642883
313,-0.76356953,-0.58525705
314,-0.6596388,-0.5113208
315,-0.49364936,-0.3876607
316,-0.30274194,-0.26690054
317,-0.08981196,-0.15504059
318,0.14640586,0.028457953
319,0.390532,0.23917206
320,0.6592181,0.42813015
321,0.91724664,0.61871845
322,1.1619445,0.8028394
323,1.4002928,0.98465157
324,1.5988802,1.1610725
325,1.8499583,1.3162313
326,2.0316315,1.4468887
327,2.2041435,1.5730859
328,2.3517141,1.6947938
329,2.4763255,1.7936993
330,2.580718,1.8892232
331,2.6945658,1.9607035
332,2.7760277,2.0221734
333,2.8395507,2.0849118
334,2.8936996,2.12859
335,2.925841,2.164209
336,2.9564996,2.186146
337,2.9650307,2.2003603
338,2.9610455,2.187985
339,2.9417408,2.1879928
340,2.9143007,2.1819103
341,2.8774657,2.1592462
342,2.8229709,2.1272109
343,2.7616048,2.0755742
344,2.6765501,2.0429766
345,2.6068127,1.98073
346,2.5234175,1.9302793
347,2.4148567,1.8672959
348,2.3123972,1.7984875
349,2.2087686,1.7186259
350,2.0928395,1.6415977
351,1.9727566,1.555939
352,1.8422784,1.4641122
353,1.7227134,1.3777146
354,1.5929928,1.2958039
355,1.4547191,1.2043071
356,1.3184788,1.1048414
357,1.1870987,0.99722713
358,1.0434325,0.8987929
359,0.9179448,0.7698236
360,0.74054855,0.68081266
361,0.6440049,0.591653
362,0.5103845,0.48664078
363,0.38075674,0.37555972
364,0.24883209,0.2750314
365,0.12238511,0.17502266
366,0.0028315,0.092042804
367,-0.11262344,-0.02739333
368,-0.22338879,-0.09159622
369,-0.32774436,-0.17683105
370,-0.43461493,-0.25375074
371,-0.5160126,-0.3253478
372,-0.590214,-0.38313928
373,-0.65521616,-0.4337439
374,-0.6951488,-0.4646546
375,-0.72486126,-0.5007794
376,-0.7288275,-0.5101472
377,-0.6980373,-0.5029757
378,-0.6123364,-0.47114724
379,-0.5482799,-0.39942536
380,-0.37523487,-0.33098665
381,-0.22000402,-0.20102605
382,0.0003974412,-0.05185847
383,0.23120391,0.0989767
384,0.46604103,0.28951848
385,0.73950934,0.48546883
386,0.99046695,0.68591344
387,1.2483653,0.8633319
388,1.492319,1.0579023
389,1.726882,1.2352245
390,1.9131974,1.3972507
391,2.1336823,1.5416445
392,2.3085303,1.6861595
393,2.476853,1.8099564
394,2.620317,1.9069029
395,2.7350984,2.0120888
396,2.841883,2.0952094
397,2.9307148,2.1683726
398,2.9987864,2.225406
399,3.053704,2.2673268
400,-1.7033876,-1.2789477
401,-1.7943051,-1.3452863
402,-1.880527,-1.4148338
403,-1.9634979,-1.4678428
404,-2.0086322,-1.51269
405,-2.06349,-1.5449706
406,-2.0524125,-1.5602509
407,-2.0478308,-1.56091
408,-1.9813472,-1.5371011
409,-1.9006894,-1.4704505
410,-1.7786078,-1.3952773
411,-1.6217431,-1.2888323
412,-1.4811655,-1.1559395
413,-1.206598,-0.9810388
414,-0.95392764,-0.81262577
415,-0.6962371,-0.59847844
416,-0.4299584,-0.38970044
417,-0.1834172,-0.20119655
418,0.06127361,1.5932015e-05
419,0.29094842,0.17967762
420,0.50086254,0.35174856
421,0.68806183,0.50824475
422,0.8581409,0.65515554
423,0.99646604,0.78535783
424,1.1277605,0.89934325
425,1.2417754,0.9971046
426,1.3334608,1.0758331
427,1.4129592,1.1365658
428,1.486109,1.1970353
429,1.52449,1.2409655
430,1.5538565,1.2780575
431,1.5747719,1.2950115
432,1.5718313,1.2994446
433,1.5765043,1.3077701
434,1.5547426,1.2928137
435,1.5227188,1.2720839
436,1.4967147,1.2433939
437,1.4322337,1.1975828
438,1.3851894,1.1627728
439,1.3026375,1.1096138
440,1.2433667,1.0511153
441,1.1568953,0.98785675
442,1.067288,0.90953124
443,0.9658208,0.835717
444,0.85712624,0.7446998
445,0.74925905,0.65983176
446,0.6442431,0.57421017
447,0.52276164,0.4839077
448,0.4033807,0.3738977
449,0.27579197,0.2830302
450,0.14804411,0.16777991
451,0.008612012,0.035745997
452,-0.11227699,-0.035331883
453,-0.24323979,-0.1356098
454,-0.3652993,-0.23497525
455,-0.4992989,-0.3485208
456,-0.6315734,-0.44783983
457,-0.7535772,-0.5536508
458,-0.8816078,-0.6498394
459,-1.0155174,-0.75428283
460,-1.1325394,-0.852901
461,-1.2579166,-0.9582008
462,-1.3632705,-1.0371766
463,-1.4703435,-1.1363794
464,-1.5862457,-1.2148795
465,-1.6829555,-1.3016484
466,-1.7744335,-1.3629137
467,-1.8512411,-1.4308691
468,-1.9118327,-1.4868447
469,-1.9735652,-1.5484246
470,-1.9850143,-1.5714425
471,-1.9876744,-1.5633179
472,-1.9650977,-1.5654348
473,-1.9000134,-1.5252513
474,-1.8084073,-1.4622629
475,-1.6740913,-1.3774885
476,-1.5045967,-1.2616583
477,-1.2963512,-1.1217203
478,-1.0757401,-0.961812
479,-0.80517155,-0.7603719
480,-0.54819536,-0.5506785
481,-0.2871799,-0.34331325
482,-0.04035408,-0.13782077
483,0.19364767,0.049862307
484,0.41485268,0.23533438
485,0.6083951,0.40535823
486,0.7887325,0.5567338
487,0.94876444,0.70042396
488,1.072798,0.823476
489,1.2015812,0.93167734
490,1.3026285,1.0315485
491,1.3968754,1.1175144
492,1.4380548,1.1756698
493,1.5144409,1.2321647
494,1.5539194,1.2674112
495,1.5745085,1.3071028
496,1.5957568,1.2940334
497,1.589122,1.3167372
498,1.579576,1.3278265
499,1.557988,1.3191707
500,1.519443,1.2979233
501,1.4369097,1.2542535
502,1.4220126,1.2234827
503,1.3504275,1.1788793
504,1.2893286,1.1150218
505,1.2075775,1.0610894
506,1.1215836,0.99428195
507,1.0347352,0.93004537
508,0.9316824,0.8488766
509,0.81737036,0.76442486
510,0.7134897,0.672376
511,0.59497416,0.57869345
512,0.48579285,0.48690447
513,0.35013685,0.39394754
514,0.23960684,0.29683056
515,0.116244614,0.19659105
516,-0.0100270165,0.08808599
517,-0.13156344,-0.007070597
518,-0.26671088,-0.12812951
519,-0.40453783,-0.22673768
520,-0.5114461,-0.31693855
521,-0.6435734,-0.43694553
522,-0.7734335,-0.5406943
523,-0.9114668,-0.6487106
524,-1.0215243,-0.7478712
525,-1.1439934,-0.84911245
526,-1.2617124,-0.9459855
527,-1.3764945,-1.0424975
528,-1.4744902,-1.1346989
529,-1.5822368,-1.2236733
530,-1.680521,-1.3036811
531,-1.765326,-1.3742832
532,-1.8322997,-1.4338516
533,-1.8966087,-1.4876624
534,-1.9496677,-1.5459167
535,-1.9539908,-1.5624726
536,-1.9411129,-1.580158
537,-1.9010582,-1.5569234
538,-1.8466626,-1.532567
539,-1.7453699,-1.4718891
540,-1.5825114,-1.3666761
541,-1.3999232,-1.2534981
542,-1.1809422,-1.1400509
543,-0.9421101,-0.9338221
544,-0.6919005,-0.7418876
545,-0.42284802,-0.5450553
546,-0.16437137,-0.3415058
547,0.07784172,-0.14440405
548,0.31192458,0.05283848
549,0.5222882,0.22367908
550,0.71589637,0.39864868
551,0.8808839,0.5530011
552,1.0331846,0.6925613
553,1.1372161,0.79486006
554,1.2747545,0.9234229
555,1.370684,1.0211647
556,1.4284132,1.0902346
557,1.4960785,1.1638875
558,1.5527762,1.2183471
559,1.577008,1.2617103
560,1.6124176,1.2859883
561,1.6091954,1.2815751
562,1.5916333,1.308582
563,1.5800644,1.3160337
564,1.5408571,1.2923481
565,1.5112952,1.2830681
566,1.4508259,1.2506497
567,1.408807,1.219204
568,1.2350929,1.1657852
569,1.2628484,1.1146715
570,1.1716369,1.0510881
571,1.0897727,0.9931705
572,0.97462356,0.9128952
573,0.89464366,0.85013807
574,0.78493047,0.7639526
575,0.67693126,0.67739594
576,0.54382896,0.5935162
577,0.44787621,0.50283444
578,0.32244268,0.40613887
579,0.2015985,0.30707648
580,0.07583365,0.20242502
581,-0.05109791,0.10535091
582,-0.17842062,0.0007850447
583,-0.30998203,-0.1094917
584,-0.441225,-0.21792771
585,-0.5538018,-0.32415232
586,-0.70917463,-0.42836702
587,-0.8142082,-0.5227658
588,-0.93567497,-0.6354586
589,-1.0557194,-0.72753984
590,-1.1726547,-0.8318421
591,-1.2894216,-0.929688
592,-1.4034911,-1.0227436
593,-1.5189934,-1.1163319
594,-1.6049275,-1.219488
595,-1.7026231,-1.2884316
596,-1.7807661,-1.3573704
597,-1.8526815,-1.4225193
598,-1.8997042,-1.4738147
599,-1.933473,-1.5168109
600,-1.9452317,-1.5430821
601,-1.9212863,-1.5514834
602,-1.8798462,-1.5362947
603,-1.8042698,-1.5107636
604,-1.6750817,-1.4382148
605,-1.5278084,-1.3745632
606,-1.3248422,-1.2280467
607,-1.1029478,-1.0873615
608,-0.8560418,-0.9169201
609,-0.59580946,-0.7367138
610,-0.33019626,-0.54539835
611,-0.08154429,-0.3710043
612,0.14790443,-0.15831636
613,0.3869466,0.045170046
614,0.6055246,0.21280572
615,0.73410064,0.3765928
616,0.96124107,0.5164799
617,1.1078782,0.666563
618,1.2319645,0.78376603
619,1.3178558,0.8816336
620,1.4333959,0.99052
621,1.5049782,1.0647043
622,1.5609515,1.1136945
623,1.5470598,1.178836
624,1.6220404,1.2311279
625,1.6378481,1.2643325
626,1.6374106,1.2767968
627,1.6219006,1.2831273
628,1.6022111,1.2859194
629,1.5161501,1.2743711
630,1.4956537,1.2567506
631,1.4661928,1.2312081
632,1.3828702,1.1843634
633,1.3246808,1.1439831
634,1.2498366,1.1061703
635,1.1640753,1.0418148
636,1.0680016,0.9693503
637,0.96327233,0.9024974
638,0.8638723,0.8354441
639,0.7528458,0.74827766
640,0.6451373,0.67205656
641,0.5175564,0.5802251
642,0.39898637,0.48560193
643,0.28300595,0.40094733
644,0.15453577,0.28627738
645,0.031687602,0.19748141
646,-0.10042986,0.08552546
647,-0.22444035,-0.004611388
648,-0.34207153,-0.108718
649,-0.47897738,-0.20679617
650,-0.6068577,-0.31546155
651,-0.73870337,-0.4158574
652,-0.852944,-0.5141517
653,-0.9777958,-0.6181659
654,-1.1001289,-0.7188513
655,-1.2123243,-0.81142676
656,-1.330017,-0.9107282
657,-1.4400367,-1.001545
658,-1.5386982,-1.0938258
659,-1.6330593,-1.1992272
660,-1.7213837,-1.2554342
661,-1.8048939,-1.335094
662,-1.8659359,-1.3882033
663,-1.9185487,-1.4438823
664,-1.9437485,-1.4970315
665,-1.9412684,-1.5040792
666,-1.9264746,-1.5271373
667,-1.8845809,-1.5111593
668,-1.7846836,-1.4689838
669,-1.6867522,-1.4082003
670,-1.4938047,-1.3214554
671,-1.2852106,-1.196425
672,-1.0504936,-1.0614556
673,-0.794075,-0.8945423
674,-0.52639556,-0.7050857
675,-0.2607761,-0.5099759
676,-0.00809134,-0.33800504
677,0.26363775,-0.12444661
678,0.49218342,0.06715898
679,0.69718397,0.23856156
680,0.88444024,0.38272113
681,1.0563093,0.5266377
682,1.2004564,0.66381294
683,1.320393,0.79021186
684,1.4154899,0.86574715
685,1.5051491,0.97257614
686,1.5687133,1.0462638
687,1.6165098,1.1167336
688,1.6521173,1.1642083
689,1.6732409,1.2061282
690,1.6881706,1.2335027
691,1.6752763,1.256823
692,1.6605299,1.267445
693,1.6241666,1.2609676
694,1.5917994,1.2460859
695,1.5364603,1.2212542
696,1.480653,1.2020233
697,1.4117726,1.165976
698,1.333567,1.1150612
699,1.2461144,1.0505408
700,1.1543211,1.012584
701,1.0556507,0.9403632
702,0.9480595,0.8736183
703,0.84553856,0.7967236
704,0.7251923,0.7103626
705,0.60784364,0.64015126
706,0.44447538,0.5578852
707,0.3600218,0.46970463
708,0.23471007,0.36262852
709,0.116033204,0.27467963
710,-0.02082735,0.17557058
711,-0.14884152,0.075481705
712,-0.28414032,-0.021168783
713,-0.4045605,-0.13456893
714,-0.5344823,-0.2268578
715,-0.6664569,-0.324408
716,-0.7840742,-0.4275841
717,-0.9125382,-0.53032964
718,-1.0337037,-0.62739855
719,-1.1595901,-0.722304
720,-1.2690243,-0.82773876
721,-1.3847382,-0.9234557
722,-1.4880601,-1.0073109
723,-1.5857337,-1.0942638
724,-1.6863356,-1.1726607
725,-1.7740464,-1.2499965
726,-1.8480817,-1.3113291
727,-1.9074953,-1.3763701
728,-1.9541916,-1.4545211
729,-1.9721859,-1.4833583
730,-1.9707857,-1.4918321
731,-1.946292,-1.489299
732,-1.8764677,-1.4739217
733,-1.7732947,-1.4524125
734,-1.634396,-1.3527441
735,-1.4544235,-1.263598
736,-1.2396635,-1.1384063
737,-0.99893403,-0.9809569
738,-0.72420293,-0.81209385
739,-0.44414094,-0.62439567
740,-0.17095105,-0.43289503
741,0.09505374,-0.23753302
742,0.3449399,-0.054544825
743,0.57965714,0.12880827
744,0.7927403,0.28982532
745,0.9672977,0.45180902
746,1.1342404,0.59944534
747,1.2865335,0.71060604
748,1.3984237,0.8303552
749,1.4990131,0.91447586
750,1.5771745,0.9954178
751,1.6426085,1.0790176
752,1.6863766,1.1346962
753,1.7156389,1.1689959
754,1.7396907,1.2231752
755,1.729397,1.2349901
756,1.7273102,1.2505974
757,1.7049836,1.2636006
758,1.6695788,1.2557039
759,1.6268985,1.2450168
760,1.5744871,1.2125068
761,1.5049303,1.1819923
762,1.4301041,1.1432552
763,1.3476114,1.0932974
764,1.2636093,1.0427275
765,1.1638016,0.97930235
766,1.0666742,0.9217485
767,0.95079654,0.83375144
768,0.8127323,0.76575947
769,0.7208586,0.68957514
770,0.59839624,0.5854478
771,0.47079504,0.52557635
772,0.3449264,0.43494803
773,0.21296144,0.33369514
774,0.087744944,0.24738586
775,-0.056453705,0.14146256
776,-0.17096798,0.04653801
777,-0.30244198,-0.053867895
778,-0.4460613,-0.16211416
779,-0.57038325,-0.25775704
780,-0.6957925,-0.35717762
781,-0.8720614,-0.4602723
782,-0.9575699,-0.5524269
783,-1.083623,-0.6564044
784,-1.1950276,-0.759628
785,-1.315316,-0.85886186
786,-1.4335432,-0.93274605
787,-1.5360868,-1.0310096
788,-1.6445156,-1.1071805
789,-1.7348354,-1.1916238
790,-1.8166758,-1.2584138
791,-1.8946252,-1.3210315
792,-1.9560927,-1.3727616
793,-1.9916356,-1.4256598
794,-2.009083,-1.4582205
795,-1.993997,-1.4659582
796,-1.9555823,-1.4685109
797,-1.8927461,-1.4526889
798,-1.7739944,-1.3956378
799,-1.618755,-1.3159829
800,-1.4554929,-1.2237573
801,-1.2029972,-1.0811647
802,-0.9741976,-0.9434598
803,-0.70675844,-0.76522803
804,-0.39926678,-0.5703039
805,-0.11922818,-0.38904428
806,0.14705929,-0.1915525
807,0.40269622,0.0049320054
808,0.62498313,0.18508352
809,0.8248985,0.3445512
810,1.0173094,0.49372452
811,1.178959,0.6184673
812,1.3126944,0.747089
813,1.4315255,0.84646803
814,1.5274628,0.94278204
815,1.6027349,1.0254911
816,1.6633209,1.0727247
817,1.7149708,1.142415
818,1.74233,1.1908027
819,1.7604882,1.2163992
820,1.7680168,1.2418444
821,1.751097,1.2572285
822,1.7370433,1.2593839
823,1.6760935,1.2507735
824,1.6551642,1.2370676
825,1.5949572,1.2060457
826,1.5208515,1.1627978
827,1.4468687,1.138385
828,1.3656604,1.0839492
829,1.271758,1.0339584
830,0.5305473,0.5640693
831,0.39708385,0.4819489
832,0.27812088,0.3841045
833,0.15948741,0.29705018
834,0.02955283,0.20107514
835,-0.1151445,0.10815581
836,-0.2475763,0.01605514
837,-0.36807254,-0.08684771
838,-0.5081634,-0.19141833
839,-0.6363915,-0.29428223
840,-0.767102,-0.38563043
841,-0.89985573,-0.47966254
842,-1.0363446,-0.58231205
843,-1.1542912,-0.6780339
844,-1.2939837,-0.7660225
845,-1.3888829,-0.8569909
846,-1.508945,-0.9472692
847,-1.6123648,-1.0335584
848,-1.7046398,-1.1184419
849,-1.7946359,-1.1962539
850,-1.8771386,-1.2833713
851,-1.9596276,-1.3271619
852,-1.9937166,-1.379144
853,-2.0326922,-1.4146264
854,-2.057089,-1.4427177
855,-2.0146189,-1.4549416
856,-1.9576641,-1.4480728
857,-1.8639936,-1.4221778
858,-1.7268815,-1.3608072
859,-1.5499243,-1.2682679
860,-1.340917,-1.1533209
861,-1.0908674,-1.016905
862,-0.81899536,-0.85020816
863,-0.5507823,-0.6803683
864,-0.25426778,-0.49574837
865,0.017345844,-0.30141413
866,0.27637887,-0.11247734
867,0.51588553,0.077438675
868,0.7355442,0.2483733
869,0.9192702,0.387282
870,1.0827875,0.53442943
871,1.2390604,0.67075485
872,1.3602188,0.7808865
873,1.4597534,0.8650443
874,1.5609988,0.96971637
875,1.625458,1.041199
876,1.6755571,1.1071875
877,1.7187876,1.152699
878,1.7406212,1.1923672
879,1.7418915,1.2203165
880,1.7443355,1.2328554
881,1.7238256,1.2419363
882,1.6776626,1.2439866
883,1.6492844,1.2312261
884,1.6059215,1.2166429
885,1.504681,1.1873112
886,1.4486237,1.1458055
887,1.3880599,1.0723883
888,1.2864757,1.0504054
889,1.194973,0.9913355
890,1.1019127,0.93631893
891,0.99330807,0.86504537
892,0.8759201,0.7908836
893,0.75791836,0.7148246
894,0.63651735,0.63241625
895,0.5094874,0.5495611
896,0.38342682,0.46494356
897,0.26162744,0.37036267
898,0.120951034,0.2514674
899,-0.025823394,0.17618296
900,-0.14522257,0.07265766
901,-0.2772787,-0.015250148
902,-0.4138691,-0.12395172
903,-0.5483113,-0.23135474
904,-0.6765765,-0.31091225
905,-0.80757713,-0.4087032
906,-0.93842447,-0.5084063
907,-1.0640146,-0.60317504
908,-1.1996342,-0.714642
909,-1.307712,-0.79473454
910,-1.4260464,-0.8797038
911,-1.5356462,-0.97363806
912,-1.6396271,-1.0580413
913,-1.7360307,-1.1325599
914,-1.8208641,-1.2124776
915,-1.9011468,-1.2837274
916,-1.965766,-1.345308
917,-2.0099137,-1.3860351
918,-2.0323873,-1.4191167
919,-2.0333352,-1.4421705
920,-2.0051205,-1.4427195
921,-1.9312587,-1.4274278
922,-1.8143208,-1.3900231
923,-1.664614,-1.3208885
924,-1.4788285,-1.2225465
925,-1.2559372,-1.1025392
926,-1.0168071,-0.96859837
927,-0.7319401,-0.83002555
928,-0.45133516,-0.6332008
929,-0.17647779,-0.42040056
930,0.090548076,-0.23976012
931,0.34248543,-0.06888407
932,0.5772288,0.12746003
933,0.7761335,0.2875712
934,0.97167677,0.44190085
935,1.1279722,0.5757086
936,1.2708795,0.69780064
937,1.3934536,0.8138332
938,1.5016719,0.91366315
939,1.5834478,0.9921275
940,1.6187836,1.0597113
941,1.6983203,1.1188401
942,1.7312734,1.160468
943,1.7446325,1.2016543
944,1.7515513,1.2269763
945,1.7228999,1.2335757
946,1.7181673,1.2340498
947,1.6923171,1.2416286
948,1.6488067,1.2121702
949,1.5793241,1.2072469
950,1.5346575,1.180667
951,1.4521525,1.134873
952,1.3733822,1.0838044
953,1.2812574,1.0412704
954,1.182118,0.98549646
955,1.0760326,0.91992784
956,0.97015333,0.84663004
957,0.852157,0.7724447
958,0.71042514,0.6913213
959,0.55631864,0.61708087
960,0.4865157,0.5312717
961,0.34887636,0.4411638
962,0.23086454,0.34979814
963,0.09302614,0.25120312
964,-0.036627855,0.13938577
965,-0.1768463,0.060920224
966,-0.30285606,-0.034155536
967,-0.43989885,-0.13337095
968,-0.5718206,-0.23360352
969,-0.70339376,-0.32835713
970,-0.8358791,-0.43537277
971,-0.96143234,-0.52930015
972,-1.0848521,-0.62789226
973,-1.2070339,-0.7204312
974,-1.3367693,-0.8115472
975,-1.4429313,-0.90437937
976,-1.5606549,-0.987728
977,-1.6627208,-1.0734277
978,-1.7525296,-1.1532549
979,-1.8387947,-1.2248222
980,-1.9073415,-1.2830107
981,-1.9797639,-1.3537515
982,-2.0102906,-1.3849913
983,-2.0296094,-1.4256194
984,-2.0268977,-1.446818
985,-1.9713811,-1.4412045
986,-1.8938102,-1.4234021
987,-1.778288,-1.364202
988,-1.6410918,-1.2964168
989,-1.4202675,-1.1898575
990,-1.2417343,-1.0622039
991,-0.9425441,-0.9170525
992,-0.68926716,-0.74641734
993,-0.40387413,-0.5615252
994,-0.12574863,-0.3859782
995,0.13960311,-0.19526829
996,0.38165995,-0.020441666
997,0.61206734,0.16247602
998,0.8265571,0.34064895
999,1.0190519,0.47298172
1000,1.1712892,0.61709714
1001,1.3036064,0.73861116
1002,1.4151996,0.82937306
1003,1.5083635,0.91720545
1004,1.5899854,1.0069745
1005,1.6296184,1.0801111
1006,1.6925937,1.1214054
1007,1.7104058,1.1495954
1008,1.747044,1.2095826
1009,1.7542183,1.2296855
1010,1.7380725,1.2203459
1011,1.7200782,1.2384329
1012,1.6685213,1.2386652
1013,1.6297228,1.2216355
1014,1.5743914,1.1901597
1015,1.5147243,1.1668984
1016,1.3695769,1.1378874
1017,1.3596283,1.0870497
1018,1.2693509,1.0377831
1019,1.1726785,0.9851448
1020,1.0702586,0.9179009
1021,0.95388263,0.8532039
1022,0.84443825,0.7708283
1023,0.7218774,0.69284457
1024,0.5850581,0.6052849
1025,0.47513548,0.5266965
1026,0.34268245,0.42876709
1027,0.21866411,0.34232906
1028,0.08488574,0.26168022
1029,-0.04743418,0.16443859
1030,-0.18529102,0.06025944
1031,-0.31683043,-0.031050637
1032,-0.45150644,-0.13975413
1033,-0.5871705,-0.23404485
1034,-0.7226293,-0.3354435
1035,-0.852367,-0.4268736
1036,-1.0058267,-0.5469104
1037,-1.1463953,-0.63770294
1038,-1.2243533,-0.7286563
1039,-1.3488255,-0.8226241
1040,-1.4673256,-0.90580714
1041,-1.5779561,-1.028372
1042,-1.6745842,-1.0876523
1043,-1.7625186,-1.160729
1044,-1.8496559,-1.2438425
1045,-1.9250243,-1.3076074
1046,-1.9708116,-1.3405994
1047,-2.0209653,-1.3856305
1048,-2.0196955,-1.420658
1049,-2.0101736,-1.4290525
1050,-1.969268,-1.4530151
1051,-1.8865781,-1.4134033
1052,-1.7682537,-1.35172
1053,-1.5936686,-1.2810004
1054,-1.3934898,-1.1820173
1055,-1.1675167,-1.0596286
1056,-0.9068829,-0.8924926
1057,-0.63176364,-0.7271642
1058,-0.34672293,-0.539754
1059,-0.07661136,-0.3471318
1060,0.19205296,-0.16961369
1061,0.43113413,0.027620992
1062,0.65157056,0.20157744
1063,0.8512642,0.35045606
1064,1.0300332,0.48618641
1065,1.1829011,0.62642896
1066,1.309073,0.74413127
1067,1.4278207,0.84292537
1068,1.5149298,0.93441045
1069,1.6016502,1.0129181
1070,1.6623776,1.0904682
1071,1.7040576,1.1358522
1072,1.7321916,1.172674
1073,1.7394786,1.2012804
1074,1.7388129,1.2315816
1075,1.7323736,1.2497462
1076,1.6789217,1.244255
1077,1.6763489,1.239927
1078,1.6288183,1.2212878
1079,1.5662694,1.1940484
1080,1.492225,1.1611784
1081,1.4225321,1.124283
1082,1.3336947,1.0725015
1083,1.2447472,1.0214328
1084,1.1364976,0.9608957
1085,1.044174,0.89858997
1086,0.9332658,0.82963157
1087,0.8132393,0.7500437
1088,0.6872534,0.6747249
1089,0.57531404,0.5861513
1090,0.43658787,0.5004887
1091,0.31761104,0.40214565
1092,0.18432511,0.3216254
1093,0.05495713,0.22772487
1094,-0.07581346,0.13161866
1095,-0.21102889,0.030908054
1096,-0.34254575,-0.067186296
1097,-0.47570089,-0.15870264
1098,-0.6173386,-0.2510482
1099,-0.7310714,-0.35773486
1100,-0.8712748,-0.45358223
1101,-0.99410254,-0.55513924
1102,-1.1200671,-0.65025586
1103,-1.2425059,-0.7537588
1104,-1.3607337,-0.8413449
1105,-1.4715989,-0.9418391
1106,-1.5984436,-1.0141177
1107,-1.677104,-1.0960091
1108,-1.77184,-1.1725863
1109,-1.8558025,-1.2473413
1110,-1.9194387,-1.2913011
1111,-1.9699007,-1.3652611
1112,-2.0004184,-1.3939022
1113,-2.0050163,-1.4264417
1114,-1.9887093,-1.4483013
1115,-1.9239011,-1.4253763
1116,-1.8339864,-1.3893986
1117,-1.696826,-1.331053
1118,-1.5255781,-1.2500125
1119,-1.3177757,-1.1334356
1120,-1.085983,-1.0192494
1121,-0.8092182,-0.8354429
1122,-0.55414313,-0.6704892
1123,-0.26554814,-0.47699335
1124,-0.00021859512,-0.28898197
1125,0.2579254,-0.102935836
1126,0.49239096,0.065912
1127,0.7049802,0.23074141
1128,0.8831672,0.36643872
1129,1.0634912,0.5287842
1130,1.2094917,0.65853626
1131,1.3357812,0.7710862
1132,1.4463624,0.8742504
1133,1.5421679,0.9532326
1134,1.608655,1.0342479
1135,1.6365511,1.0145768
1136,1.7017887,1.1435796
1137,1.7263643,1.1847647
1138,1.7275969,1.1809249
1139,1.736943,1.2033081
1140,1.7116404,1.1971556
1141,1.6989446,1.2158332
1142,1.6638023,1.2258034
1143,1.6121639,1.1978106
1144,1.5555843,1.1844995
1145,1.4860169,1.1515844
1146,1.3995055,1.1063154
1147,1.3091829,1.0540843
1148,1.2038425,1.0126032
1149,1.1180418,0.9445709
1150,1.0095655,0.8745085
1151,0.89604646,0.8015537
1152,0.7884139,0.72427976
1153,0.6654305,0.6467169
1154,0.54359245,0.5707003
1155,0.41756827,0.48547855
1156,0.28927425,0.37790382
1157,0.1523467,0.2915028
1158,0.017963236,0.20832159
1159,-0.10985697,0.11242178
1160,-0.24846908,0.0063148495
1161,-0.37740064,-0.09686302
1162,-0.5064634,-0.19133745
1163,-0.6374207,-0.29935247
1164,-0.76800257,-0.3859474
1165,-0.8957235,-0.47748893
1166,-1.0205824,-0.576184
1167,-1.1475655,-0.67228144
1168,-1.2852353,-0.7844051
1169,-1.3862969,-0.8607527
1170,-1.499841,-0.94228613
1171,-1.5932628,-1.0287014
1172,-1.7045077,-1.1060212
1173,-1.779027,-1.1828945
1174,-1.8607285,-1.2489717
1175,-1.9224144,-1.3088846
1176,-1.971025,-1.3646556
1177,-1.9961294,-1.3972055
1178,-1.9986994,-1.4233148
1179,-1.9640828,-1.4217926
1180,-1.900288,-1.4041624
1181,-1.7976421,-1.3738625
1182,-1.6464292,-1.3057672
1183,-1.4655347,-1.2181672
1184,-1.2482736,-1.0984986
1185,-0.99603564,-0.9590288
1186,-0.739505,-0.78677386
1187,-0.45713308,-0.601799
1188,-0.17895566,-0.43455467
1189,0.08543651,-0.24854249
1190,0.30454984,-0.059716772
1191,0.5272286,0.05653805
1192,0.74252874,0.24662498
1193,0.9510255,0.4265361
1194,1.112714,0.5419836
1195,1.216212,0.68339396
1196,1.3763933,0.7963413
1197,1.4752221,0.8822795
1198,1.5595609,0.96779495
1199,1.6137501,1.0521202
1200,1.6727439,1.0910364
1201,1.7181733,1.1507114
1202,1.7353241,1.1692827
1203,1.7509176,1.2128694
1204,1.723869,1.2267871
1205,1.716022,1.2247049
1206,1.694215,1.2326905
1207,1.6455646,1.2222198
1208,1.600147,1.2028902
1209,1.5267032,1.1601169
1210,1.4625976,1.1407645
1211,1.3757828,1.0907927
1212,1.2905067,1.0254376
1213,1.2037373,0.98938346
1214,1.0969433,0.9261152
1215,0.98698574,0.8486977
1216,0.8756215,0.7831708
1217,0.7532918,0.67008656
1218,0.64026636,0.611788
1219,0.50867367,0.54283196
1220,0.38430583,0.45394745
1221,0.25828615,0.36789697
1222,0.12462278,0.28051126
1223,-0.0024403012,0.18379237
1224,-0.1345941,0.09008488
1225,-0.27156612,-0.014412763
1226,-0.4083437,-0.10500489
1227,-0.5442394,-0.20819682
1228,-0.6703377,-0.31734404
1229,-0.7975716,-0.40334582
1230,-0.9207081,-0.5045608
1231,-1.0478365,-0.60013914
1232,-1.1662457,-0.689572
1233,-1.2986655,-0.7760091
1234,-1.3949463,-0.8722247
1235,-1.5152396,-0.9606338
1236,-1.6085658,-1.0528306
1237,-1.7157634,-1.1221532
1238,-1.792124,-1.1889184
1239,-1.8785363,-1.258841
1240,-1.9222991,-1.3160986
1241,-1.9638257,-1.3902788
1242,-1.9843719,-1.3990995
1243,-1.9739344,-1.4164206
1244,-1.938545,-1.4210194
1245,-1.8633806,-1.4033383
1246,-1.7494549,-1.3546674
1247,-1.5914618,-1.2858113
1248,-1.4022026,-1.1907067
1249,-1.1821733,-1.0656976
1250,-0.9356848,-0.9323991
1251,-0.66458017,-0.76218045
1252,-0.38573676,-0.5819461
1253,-0.11653316,-0.39497253
1254,0.14155442,-0.2093805
1255,0.3890999,-0.032691468
1256,0.6058909,0.14284994
1257,0.81381106,0.28152305
1258,0.9969192,0.44331518
1259,1.1579612,0.57715684
1260,1.2787155,0.6969525
1261,1.4075968,0.80760956
1262,1.5033693,0.9020104
1263,1.5843157,0.9835803
1264,1.6442376,1.0508974
1265,1.6953973,1.0975451
1266,1.7215652,1.1489682
1267,1.7415556,1.1583227
1268,1.7511071,1.2110553
1269,1.7158107,1.2245976
1270,1.7168084,1.237823
1271,1.6795883,1.2242804
1272,1.6380199,1.208455
1273,1.5855701,1.1911343
1274,1.5226829,1.1582222
1275,1.4500595,1.1217124
1276,1.3716111,1.0740794
1277,1.2787839,1.0358821
1278,1.1862257,0.96564525
1279,1.07083,0.917354
1280,0.9717081,0.85097474
1281,0.8634081,0.77149194
1282,0.7415961,0.69583905
1283,0.61287075,0.61957383
1284,0.49435395,0.52655715
1285,0.36837536,0.44684803
1286,0.23990947,0.36421147
1287,0.11066059,0.2633217
1288,-0.025256332,0.16805069
1289,-0.15447873,0.07116715
1290,-0.28634873,-0.023374602
1291,-0.41893402,-0.11942688
1292,-0.5784229,-0.22455643
1293,-0.6799239,-0.3106855
1294,-0.82541317,-0.41026607
1295,-0.94057024,-0.507853
1296,-1.0613512,-0.60115653
1297,-1.1869962,-0.6926941
1298,-1.3024766,-0.78419787
1299,-1.4151925,-0.8854835
1300,-1.5320355,-0.97415465
1301,-1.6288102,-1.0449284
1302,-1.720963,-1.1304129
1303,-1.8214804,-1.194596
1304,-1.871593,-1.2772202
1305,-1.9294665,-1.3299592
1306,-1.9677988,-1.373941
1307,-1.9889694,-1.4024802
1308,-1.9767542,-1.4173173
1309,-1.9335388,-1.4153638
1310,-1.8568525,-1.4036155
1311,-1.735538,-1.3525767
1312,-1.5799707,-1.2789723
1313,-1.3855702,-1.180114
1314,-1.1581241,-1.0614237
1315,-0.8958104,-0.9112831
1316,-0.6322005,-0.7483932
1317,-0.34711573,-0.5639008
1318,-0.07881493,-0.38809636
1319,0.17513533,-0.234205
1320,0.42312193,-0.027676847
1321,0.6448579,0.14128743
1322,0.84453267,0.30515438
1323,1.0172831,0.45096743
1324,1.1746156,0.5789756
1325,1.310615,0.65281045
1326,1.4238374,0.8058822
1327,1.5263144,0.90072757
1328,1.597918,0.96014166
1329,1.6578809,1.0545384
1330,1.6984823,1.1022342
1331,1.7274718,1.148631
1332,1.7406802,1.1776378
1333,1.7494384,1.2082562
1334,1.7260958,1.2200224
1335,1.7190092,1.223978
1336,1.6864089,1.2255117
1337,1.6415634,1.2138957
1338,1.5604619,1.1893942
1339,1.5132335,1.1569842
1340,1.432931,1.1217651
1341,1.3555357,1.0683159
1342,1.2579552,1.0240179
1343,1.1686964,0.9700956
1344,1.062767,0.9064448
1345,0.9569844,0.83884126
1346,0.8372514,0.7679773
1347,0.72227836,0.6843786
1348,0.5882076,0.60291576
1349,0.475994,0.52581704
1350,0.34694636,0.4320783
1351,0.21642381,0.34655535
1352,0.083069235,0.2557536
1353,-0.044300664,0.15654096
1354,-0.1729353,0.07550479
1355,-0.31062585,-0.027285028
1356,-0.44249722,-0.12457671
1357,-0.5646533,-0.21566324
1358,-0.69129246,-0.31006175
1359,-0.8264732,-0.41258535
1360,-0.9501339,-0.5117257
1361,-1.077292,-0.61584806
1362,-1.2024314,-0.7045025
1363,-1.314925,-0.7888519
1364,-1.4279433,-0.8834921
1365,-1.5358657,-0.9690607
1366,-1.6380767,-1.049922
1367,-1.7336366,-1.1264204
1368,-1.8184954,-1.1963586
1369,-1.9342992,-1.2626786
1370,-1.9295198,-1.3163931
1371,-1.9713609,-1.3641828
1372,-1.989392,-1.4039905
1373,-1.9790151,-1.4187367
1374,-1.9226184,-1.4422255
1375,-1.8411388,-1.3897091
1376,-1.7374725,-1.355245
1377,-1.5583761,-1.2725493
1378,-1.3582803,-1.1699528
1379,-1.1237868,-1.0498652
1380,-0.87368774,-0.89945686
1381,-0.59992504,-0.7377379
1382,-0.3288447,-0.56408477
1383,-0.07015849,-0.3836332
1384,0.21221489,-0.19551589
1385,0.45014378,-0.011303941
1386,0.6722113,0.15269497
1387,0.8599598,0.30587658
1388,1.0446621,0.446919
1389,1.1962645,0.57911056
1390,1.3205119,0.6999117
1391,1.4498225,0.80893546
1392,1.5388998,0.8924638
1393,1.6005476,0.9761002
1394,1.6747866,1.0447727
1395,1.7066969,1.0906416
1396,1.733507,1.1465231
1397,1.7634608,1.1818072
1398,1.7628943,1.1969867
1399,1.7483634,1.2173387
1400,1.7251127,1.223286
1401,1.6685392,1.2136471
1402,1.6355215,1.2021762
1403,1.573063,1.1861075
1404,1.5187091,1.1538349
1405,1.439403,1.1011392
1406,1.3570253,1.0699897
1407,1.2361107,1.0039408
1408,1.1502103,0.964142
1409,1.0518901,0.90185505
1410,0.94638586,0.8391315
1411,0.83750486,0.7546533
1412,0.7089677,0.68724394
1413,0.5961191,0.61214155
1414,0.47205487,0.52541196
1415,0.34620696,0.44809377
1416,0.20788161,0.3530968
1417,0.07972609,0.2632517
1418,-0.05067853,0.16031747
1419,-0.18544784,0.061119903
1420,-0.32314688,-0.029242871
1421,-0.4605892,-0.13474369
1422,-0.5825203,-0.2281512
1423,-0.7102556,-0.32852983
1424,-0.84517914,-0.427443
1425,-0.96938473,-0.5106185
1426,-1.0985394,-0.6202206
1427,-1.2107807,-0.7226409
1428,-1.3276904,-0.8032025
1429,-1.4357157,-0.8929171
1430,-1.5475587,-0.9659401
1431,-1.6519617,-1.0518079
1432,-1.7486346,-1.1303828
1433,-1.8176479,-1.206914
1434,-1.8904676,-1.2629604
1435,-1.9470445,-1.3176297
1436,-1.9809817,-1.362932
1437,-1.9941287,-1.3947399
1438,-1.9813204,-1.4139551
1439,-1.9277124,-1.4097568
1440,-1.8460625,-1.3781781
1441,-1.721519,-1.3449962
1442,-1.5602264,-1.252168
1443,-1.3498813,-1.155993
1444,-1.1174963,-1.0298971
1445,-0.8662313,-0.90673214
1446,-0.58247495,-0.7297214
1447,-0.3100936,-0.5449689
1448,-0.03409298,-0.36221132
1449,0.22653015,-0.17963089
1450,0.46426407,-0.0010800178
1451,0.68746316,0.16905111
1452,0.8819196,0.3095421
1453,1.0541645,0.4724435
1454,1.2055137,0.5897585
1455,1.3305522,0.7027458
1456,1.4231998,0.8104932
1457,1.5492558,0.90310556
1458,1.6156971,0.98122287
1459,1.6799849,1.0509926
1460,1.7165877,1.1023115
1461,1.7457294,1.1500093
1462,1.7672995,1.1839851
1463,1.7657893,1.2036353
1464,1.754416,1.2115767
1465,1.7261994,1.210068
1466,1.681449,1.2112856
1467,1.6405991,1.206563
1468,1.5740466,1.1855797
1469,1.5131067,1.1509007
1470,1.4356922,1.1144948
1471,1.3495128,1.0455766
1472,1.253263,1.0073607
1473,1.1603464,0.95817983
1474,1.0493176,0.891778
1475,0.94401205,0.81090605
1476,0.83100444,0.74513775
1477,0.70516497,0.67862856
1478,0.5849718,0.58967793
1479,0.4612559,0.5161892
1480,0.32576048,0.41428274
1481,0.19900988,0.3349545
1482,0.055342257,0.23541413
1483,-0.072490335,0.1500747
1484,-0.19723003,0.057728726
1485,-0.34371606,-0.043644626
1486,-0.46099702,-0.14146912
1487,-0.59438837,-0.24422666
1488,-0.72870696,-0.3349194
1489,-0.852541,-0.43719777
1490,-0.9882702,-0.5391748
1491,-1.1046497,-0.6307207
1492,-1.224691,-0.72888184
1493,-1.3442626,-0.8141178
1494,-1.4592165,-0.90376806
1495,-1.5631458,-0.9866767
1496,-1.6674137,-1.0659676
1497,-1.7492293,-1.1465422
1498,-1.8461757,-1.2214862
1499,-1.9068946,-1.275904
1500,-1.9543252,-1.3338588
1501,-1.9960998,-1.3818153
1502,-1.9946663,-1.401629
1503,-1.9764484,-1.4102154
1504,-1.9235029,-1.4151436
1505,-1.830671,-1.3816698
1506,-1.721579,-1.3239076
1507,-1.5375155,-1.2381177
1508,-1.3265204,-1.1339513
1509,-1.0872264,-0.9936122
1510,-0.82412875,-0.84985703
1511,-0.5523067,-0.68339455
1512,-0.27153915,-0.4954808
1513,-0.011747001,-0.31699014
1514,0.24698392,-0.14185673
1515,0.49030402,0.040919997
1516,0.707899,0.20450646
1517,0.89636964,0.3297732
1518,1.0697874,0.49972266
1519,1.2177863,0.62724257
1520,1.3516223,0.7408757
1521,1.4678425,0.8409603
1522,1.5619944,0.92916447
1523,1.633083,1.0000802
1524,1.6899673,1.0667644
1525,1.730869,1.1234351
1526,1.7609435,1.1633195
1527,1.7793862,1.1786743
1528,1.7721367,1.1971151
1529,1.7531027,1.2193636
1530,-2.0562606,-1.38021
1531,-2.0811853,-1.4298197
1532,-2.0796556,-1.5305947
1533,-2.0737526,-1.4646938
1534,-1.996668,-1.4517782
1535,-1.9164448,-1.4181639
1536,-1.7626824,-1.3831143
1537,-1.5830601,-1.272264
1538,-1.3789434,-1.1474069
1539,-1.1418792,-1.0149053
1540,-0.87019217,-0.8533827
1541,-0.5972293,-0.7559616
1542,-0.32387996,-0.4994418
1543,-0.059953585,-0.32066417
1544,0.19959074,-0.14097956
1545,0.43666407,0.039804175
1546,0.63476914,0.21207443
1547,0.827825,0.3519991
1548,0.97963244,0.49471238
1549,1.1159294,0.61510587
1550,1.2679778,0.72668034
1551,1.3825344,0.82746655
1552,1.4738959,0.9086545
1553,1.5359391,0.9837859
1554,1.5947819,1.0392729
1555,1.6025774,1.088973
1556,1.6550474,1.1258183
1557,1.6647009,1.1577095
1558,1.6540966,1.165551
1559,1.6479468,1.1821253
1560,1.6168668,1.1727079
1561,1.5694443,1.1617029
1562,1.5323641,1.1348659
1563,1.4744242,1.1199164
1564,1.4039612,1.0877306
1565,1.3196701,1.0505023
1566,1.2401837,0.996569
1567,1.149112,0.9396726
1568,1.0176258,0.8855051
1569,0.93784356,0.81636554
1570,0.82439727,0.74871665
1571,0.7201164,0.6782884
1572,0.6053527,0.5960122
1573,0.47882426,0.50914985
1574,0.35009432,0.4337746
1575,0.19922818,0.3331209
1576,0.09090312,0.2482499
1577,-0.07510396,0.15448834
1578,-0.16726218,0.06926993
1579,-0.3046865,-0.03964773
1580,-0.436534,-0.13065459
1581,-0.57048124,-0.22692229
1582,-0.7064425,-0.32272446
1583,-0.82990694,-0.41749886
1584,-0.9646845,-0.5166727
1585,-1.0928516,-0.6236942
1586,-1.2086176,-0.71181494
1587,-1.334247,-0.79971814
1588,-1.4512596,-0.91455895
1589,-1.5591997,-0.9793818
1590,-1.6665578,-1.0600413
1591,-1.7656316,-1.1348666
1592,-1.8518828,-1.2128572
1593,-1.9265736,-1.2827587
1594,-2.001682,-1.3474019
1595,-2.0436637,-1.3982562
1596,-2.1206267,-1.430383
1597,-2.074439,-1.4658239
1598,-2.0601351,-1.4635882
1599,-2.000245,-1.4522493
1600,-1.8940247,-1.4194031
1601,-1.7826567,-1.3575829
1602,-1.5691277,-1.2677456
1603,-1.3601017,-1.1500431
1604,-1.1109607,-1.0139747
1605,-0.8528853,-0.85709256
1606,-0.5824503,-0.6780901
1607,-0.3060605,-0.49865258
1608,-0.027611978,-0.31378925
1609,0.2158753,-0.12853746
1610,0.41989723,0.03439689
1611,0.6519522,0.19028972
1612,0.84567755,0.34516293
1613,1.0147176,0.48983186
1614,1.1530452,0.61903596
1615,1.2742527,0.73025024
1616,1.375393,0.8281636
1617,1.464966,0.918643
1618,1.5400279,0.99125767
1619,1.5875015,1.0438427
1620,1.6250782,1.083389
1621,1.6443373,1.1171315
1622,1.654681,1.1516438
1623,1.6580272,1.15667
1624,1.6429739,1.1769327
1625,1.6222864,1.1777104
1626,1.5705161,1.1616771
1627,1.5230148,1.1486071
1628,1.4488491,1.1217235
1629,1.381638,1.0304636
1630,1.3110456,1.0491233
1631,1.235388,0.999314
1632,1.1324751,0.9450331
1633,1.0303384,0.8634654
1634,0.9080391,0.81453836
1635,0.8186658,0.749126
1636,0.7001855,0.6621002
1637,0.5885608,0.5807839
1638,0.460128,0.5122845
1639,0.3318646,0.41045153
1640,0.21001486,0.3257397
1641,0.0805049,0.24229713
1642,-0.052664023,0.13033059
1643,-0.22180365,0.050733693
1644,-0.31954166,-0.037034906
1645,-0.44834322,-0.13737756
1646,-0.590774,-0.24084783
1647,-0.7142099,-0.33425444
1648,-0.8406577,-0.43558028
1649,-0.9692295,-0.53076726
1650,-1.0901823,-0.61659324
1651,-1.2226903,-0.71542513
1652,-1.3370008,-0.8093907
1653,-1.45332,-0.90353477
1654,-1.5628362,-0.9913278
1655,-1.6625544,-1.0688546
1656,-1.7678897,-1.1430063
1657,-1.8499284,-1.2258083
1658,-1.9256865,-1.2977961
1659,-1.9947779,-1.354973
1660,-2.0354724,-1.3892397
1661,-2.0678158,-1.4346976
1662,-2.0716705,-1.4504279
1663,-2.0387375,-1.4612836
1664,-1.9930257,-1.4486489
1665,-1.8660638,-1.4143858
1666,-1.7228426,-1.3435448
1667,-1.5516918,-1.2624297
1668,-1.3308345,-1.1475297
1669,-1.0915792,-0.9939807
1670,-0.8232431,-0.8339614
1671,-0.54640317,-0.65428174
1672,-0.2782938,-0.47767383
1673,-0.016792467,-0.30674842
1674,0.23130403,-0.11766966
1675,0.459825,0.031272173
1676,0.66797066,0.21157692
1677,0.85327667,0.36867112
1678,1.0043141,0.48954552
1679,1.1561159,0.61893046
1680,1.2769046,0.7353086
1681,1.3810046,0.82725066
1682,1.4700487,0.9138092
1683,1.5393875,0.9857312
1684,1.5838355,1.0406427
1685,1.63085,1.09419
1686,1.6517314,1.0955297
1687,1.6659188,1.157406
1688,1.6541749,1.181595
1689,1.6316438,1.1790185
1690,1.6089616,1.1796737
1691,1.5710478,1.173035
1692,1.5221484,1.1533964
1693,1.4566146,1.1284102
1694,1.3854762,1.0831641
1695,1.3049403,1.0391545
1696,1.2244493,1.0055666
1697,1.1123555,0.9428174
1698,1.031208,0.8894958
1699,0.92399555,0.79680246
1700,0.7704527,0.74524206
1701,0.6911955,0.6730291
1702,0.5729682,0.59796786
1703,0.45094198,0.50234747
1704,0.32758057,0.42559853
1705,0.20130292,0.3348837
1706,0.06744945,0.24831815
1707,-0.06391872,0.1552589
1708,-0.19288598,0.05592867
1709,-0.31857648,-0.035076946
1710,-0.45600694,-0.13132565
1711,-0.60254586,-0.23212016
1712,-0.71860564,-0.33427697
1713,-0.84323204,-0.431397
1714,-0.973513,-0.527194
1715,-1.0985754,-0.62193877
1716,-1.2194923,-0.7128779
1717,-1.3479469,-0.80819625
1718,-1.4543378,-0.9034131
1719,-1.5771148,-0.9923597
1720,-1.6733367,-1.078945
1721,-1.7656431,-1.1558446
1722,-1.8512061,-1.2209451
1723,-1.9323891,-1.3017758
1724,-1.9998777,-1.3467398
1725,-2.0344925,-1.4003468
1726,-2.0677683,-1.4411361
1727,-2.0592313,-1.4603155
1728,-2.0266469,-1.4679308
1729,-1.9622297,-1.4707905
1730,-1.8577747,-1.4320198
1731,-1.7282376,-1.357732
1732,-1.5402149,-1.2791072
1733,-1.3247049,-1.150607
1734,-1.0880848,-1.0167892
1735,-0.8171546,-0.8523576
1736,-0.5420261,-0.6789067
1737,-0.2901603,-0.49764058
1738,-0.004976458,-0.31318754
1739,0.25182408,-0.13279738
1740,0.45935267,0.015086986
1741,0.6748638,0.19278228
1742,0.85373235,0.33957803
1743,1.0142237,0.48834166
1744,1.1651402,0.61017805
1745,1.2867773,0.72561014
1746,1.3843433,0.80710816
1747,1.4785461,0.9104595
1748,1.5429834,0.9754806
1749,1.6027638,1.0434774
1750,1.634769,1.0879917
1751,1.6585033,1.1269411
1752,1.6671342,1.1587553
1753,1.654975,1.1757061
1754,1.6376982,1.1752551
1755,1.6125238,1.183515
1756,1.5737672,1.142997
1757,1.5039607,1.1508405
1758,1.4656718,1.124588
1759,1.3860612,1.0964129
1760,1.3050455,1.0510418
1761,1.2205693,0.99771863
1762,1.1296266,0.9482765
1763,1.027464,0.88668984
1764,0.9138911,0.8160874
1765,0.8135649,0.75201726
1766,0.68166596,0.6338489
1767,0.5717482,0.5870036
1768,0.44894293,0.51016134
1769,0.32272714,0.42353785
1770,0.19505322,0.3293923
1771,0.068391725,0.2280809
1772,-0.072684795,0.1466608
1773,-0.19406253,0.0558245
1774,-0.32400408,-0.031708583
1775,-0.45647255,-0.1374321
1776,-0.5879535,-0.23789331
1777,-0.7187115,-0.3430084
1778,-0.8467491,-0.43575063
1779,-0.97561985,-0.5283524
1780,-1.1029207,-0.6303479
1781,-1.226196,-0.7249237
1782,-1.3408672,-0.81564915
1783,-1.4573843,-0.8982414
1784,-1.5628687,-0.98117775
1785,-1.66315,-1.0675826
1786,-1.7609624,-1.153184
1787,-1.8505269,-1.225909
1788,-1.9260387,-1.2821238
1789,-2.0180218,-1.3436918
1790,-2.0351868,-1.389984
1791,-2.0628781,-1.4288605
1792,-2.056857,-1.4502451
1793,-2.0259173,-1.4540048
1794,-1.9620597,-1.440995
1795,-1.8645847,-1.4241701
1796,-1.720771,-1.3423566
1797,-1.5422691,-1.2442169
1798,-1.3221065,-1.117871
1799,-1.0674471,-0.97831994
1800,-0.80188084,-0.82775795
1801,-0.5298628,-0.641265
1802,-0.26400834,-0.46155873
1803,0.0056880717,-0.27608868
1804,0.25514755,-0.095009275
1805,0.48334625,0.07688166
1806,0.68639153,0.24435338
1807,0.86982834,0.38642043
1808,1.0149745,0.52886367
1809,1.1754177,0.63976926
1810,1.29294,0.7499894
1811,1.3897415,0.8252305
1812,1.4847933,0.93122125
1813,1.5527211,0.9918504
1814,1.6015589,1.0574802
1815,1.6372858,1.1076291
1816,1.6626061,1.141911
1817,1.6716707,1.1671019
1818,1.6601089,1.168198
1819,1.6274562,1.1902366
1820,1.6101555,1.1921068
1821,1.579458,1.1585184
1822,1.5216047,1.142483
1823,1.4638448,1.1183765
1824,1.3918015,1.0899984
1825,1.3073113,1.0457381
1826,1.2189685,0.9979848
1827,1.1232325,0.9451136
1828,1.0338145,0.8838332
1829,0.91506153,0.8068647
1830,-0.7304251,-0.76611507
1831,-0.46393725,-0.5806762
1832,-0.17961307,-0.40943697
1833,0.074474566,-0.2072557
1834,0.28810257,-0.0298913
1835,0.5440865,0.14214274
1836,0.7420222,0.3077795
1837,0.9093045,0.4585513
1838,1.061465,0.5729021
1839,1.1982834,0.6963146
1840,1.3219526,0.8011756
1841,1.4169408,0.9001155
1842,1.4992503,0.96619564
1843,1.5600917,1.0253572
1844,1.6128409,1.0766706
1845,1.644191,1.1355711
1846,1.6641847,1.1718073
1847,1.6553395,1.19264
1848,1.6604257,1.2120984
1849,1.6397431,1.2008975
1850,1.6074318,1.1943527
1851,1.5645902,1.1917347
1852,1.4863893,1.1548847
1853,1.4557043,1.1298418
1854,1.3778639,1.0919673
1855,1.2998352,1.0541263
1856,1.2154146,1.0024983
1857,1.1223817,0.94613254
1858,1.0206416,0.87510717
1859,0.9156694,0.79454315
1860,0.7986726,0.7220625
1861,0.68886673,0.6564731
1862,0.5641126,0.5868803
1863,0.44934997,0.49438778
1864,0.32092208,0.40221655
1865,0.19275075,0.31704035
1866,0.066912435,0.22456974
1867,-0.060212456,0.103022434
1868,-0.20273016,0.03654008
1869,-0.3316786,-0.09107969
1870,-0.4576372,-0.15358226
1871,-0.5953347,-0.2557615
1872,-0.71744,-0.3565161
1873,-0.85098284,-0.44994888
1874,-0.98781574,-0.5435853
1875,-1.0888156,-0.6403419
1876,-1.2249434,-0.7356017
1877,-1.3285153,-0.81935084
1878,-1.4416823,-0.9107123
1879,-1.5500284,-1.0081893
1880,-1.6547112,-1.0810759
1881,-1.7469205,-1.1635404
1882,-1.8301204,-1.2399942
1883,-1.893457,-1.2898844
1884,-1.9484217,-1.3443196
1885,-1.9871042,-1.3836496
1886,-1.9986099,-1.424832
1887,-1.9843583,-1.4382555
1888,-1.9443456,-1.4487327
1889,-1.8543717,-1.4138112
1890,-1.7352282,-1.3621137
1891,-1.5808713,-1.2934098
1892,-1.3839297,-1.1923671
1893,-1.1944791,-1.0726088
1894,-0.9014555,-0.9167166
1895,-0.62738276,-0.753174
1896,-0.3620639,-0.56702715
1897,-0.09279281,-0.38289714
1898,0.16530262,-0.19794069
1899,0.38832855,-0.029075643
1900,0.6016747,0.14995666
1901,0.7939813,0.30197826
1902,0.9659619,0.45023173
1903,1.1125282,0.5844818
1904,1.235073,0.6967927
1905,1.3484771,0.8011879
1906,1.4354384,0.88753647
1907,1.5096812,0.9693748
1908,1.5614865,1.0371367
1909,1.598343,1.0943937
1910,1.6465682,1.1293163
1911,1.6556616,1.168071
1912,1.6435045,1.1756519
1913,1.6392078,1.1972781
1914,1.619902,1.1965848
1915,1.5907152,1.1940124
1916,1.5479308,1.1837122
1917,1.487318,1.1605256
1918,1.4236523,1.115656
1919,1.3471028,1.0987638
1920,1.2676148,1.0481582
1921,1.1796619,0.9903571
1922,1.0728946,0.93300694
1923,0.9825692,0.8756141
1924,0.87562525,0.7859173
1925,0.768505,0.726835
1926,0.6558805,0.6463307
1927,0.52248794,0.5721562
1928,0.40328687,0.4857728
1929,0.28017217,0.40216908
1930,0.15785117,0.32030404
1931,0.03024347,0.22361222
1932,-0.098791786,0.12003779
1933,-0.22887664,0.036662232
1934,-0.35801294,-0.06688955
1935,-0.48996308,-0.15688646
1936,-0.6165482,-0.273938
1937,-0.7490529,-0.38376793
1938,-0.87004733,-0.45580095
1939,-0.9923097,-0.54972297
1940,-1.1154153,-0.638171
1941,-1.2342606,-0.73171407
1942,-1.3491079,-0.8361188
1943,-1.4633428,-0.918913
1944,-1.594356,-1.0063354
1945,-1.6610763,-1.0833613
1946,-1.7545203,-1.1593807
1947,-1.8357751,-1.2362092
1948,-1.9056708,-1.2932246
1949,-1.9545636,-1.3485153
1950,-1.97796,-1.391815
1951,-1.9817936,-1.4287714
1952,-1.9640672,-1.4248947
1953,-1.903238,-1.4290184
1954,-1.8181218,-1.3938875
1955,-1.6998277,-1.346672
1956,-1.5216295,-1.2755417
1957,-1.3250678,-1.1694599
1958,-1.084696,-1.0434715
1959,-0.83093065,-0.8936553
1960,-0.56842273,-0.7358457
1961,-0.3070164,-0.55168265
1962,-0.047145825,-0.38311547
1963,0.20189157,-0.19825383
1964,0.43230838,-0.013945189
1965,0.63540524,0.14371297
1966,0.82888323,0.30387923
1967,0.99171907,0.44682902
1968,1.0887816,0.56656075
1969,1.2646623,0.69515
1970,1.3709201,0.79251355
1971,1.4506807,0.8945318
1972,1.5218195,0.97091824
1973,1.5788857,1.0281551
1974,1.6120557,1.0709242
1975,1.6411484,1.1247276
1976,1.6368371,1.1603724
1977,1.659696,1.1838343
1978,1.6394898,1.2010995
1979,1.59563,1.2040062
1980,1.5835264,1.1945314
1981,1.5291113,1.1784377
1982,1.4822999,1.1526456
1983,1.4103491,1.1189502
1984,1.3338822,1.0863831
1985,1.2538589,1.0390085
1986,1.154869,0.9740699
1987,1.0767024,0.9316074
1988,0.9735232,0.8609915
1989,0.8563635,0.80969405
1990,0.7502639,0.7301239
1991,0.6282353,0.65736824
1992,0.5053845,0.5679484
1993,0.39403012,0.48744267
1994,0.26430357,0.40407017
1995,0.11876971,0.31803316
1996,0.008690332,0.22284955
1997,-0.121781,0.12655485
1998,-0.25204352,0.031077212
1999,-0.38208783,-0.062022284
2000,-0.5077155,-0.1654801
2001,-0.6325653,-0.26465923
2002,-0.7654582,-0.35543147
2003,-0.88332546,-0.45161712
2004,-1.0140606,-0.54835683
2005,-1.1421527,-0.63779473
2006,-1.2552898,-0.73426783
2007,-1.37397,-0.8228612
2008,-1.4842939,-0.91167974
2009,-1.5838876,-0.9999908
2010,-1.6719145,-1.0749717
2011,-1.763338,-1.147316
2012,-1.8433484,-1.2233227
2013,-1.9072015,-1.2819188
2014,-1.9593025,-1.3400016
2015,-1.9765334,-1.3815216
2016,-1.9793421,-1.411654
2017,-1.9556664,-1.4271502
2018,-1.9068935,-1.4247324
2019,-1.803002,-1.3815032
2020,-1.6680334,-1.3365734
2021,-1.4990145,-1.2641683
2022,-1.2933859,-1.1644235
2023,-1.0488459,-1.0293984
2024,-0.8012806,-0.8835828
2025,-0.52733654,-0.7131205
2026,-0.25481266,-0.55309576
2027,0.0029765144,-0.37383017
2028,0.24675648,-0.20199785
2029,0.48055166,-0.025800763
2030,0.68343234,0.13997392
2031,0.86871976,0.2780742
2032,1.0294795,0.43286976
2033,1.1618861,0.5587987
2034,1.2938672,0.6754009
2035,1.3792889,0.7683276
2036,1.4659271,0.86086863
2037,1.5492903,0.93828565
2038,1.6073514,1.0065653
2039,1.6413412,1.0617688
2040,1.6607006,1.1049659
2041,1.6701406,1.1402435
2042,1.6753323,1.171903
2043,1.6456356,1.1841854
2044,1.624938,1.1883674
2045,1.5862017,1.1852263
2046,1.5415505,1.1707741
2047,1.4752536,1.1543264
2048,1.4083353,1.1120408
2049,1.335636,1.0837352
2050,1.2526699,1.0332524
2051,1.1621476,0.9902568
2052,1.0515381,0.9193842
2053,0.96371067,0.8683626
2054,0.85739285,0.81035507
2055,0.7473988,0.74928766
2056,0.6276183,0.67892826
2057,0.50104564,0.59063
2058,0.35794333,0.5009544
2059,0.24003199,0.4218013
2060,0.12060738,0.3302134
2061,-0.019121693,0.24494976
2062,-0.13246772,0.12208561
2063,-0.25386405,0.060974892
2064,-0.39136657,-0.023574708
2065,-0.51532555,-0.13220705
2066,-0.6516004,-0.22582144
2067,-0.7771513,-0.32344854
2068,-0.8942633,-0.43476892
2069,-1.0484121,-0.5148471
2070,-1.1349676,-0.6087017
2071,-1.2610914,-0.7043156
2072,-1.3745639,-0.7970652
2073,-1.4813927,-0.88820326
2074,-1.5890304,-0.96838695
2075,-1.6833141,-1.0575267
2076,-1.7744895,-1.1296645
2077,-1.8514762,-1.213548
2078,-1.9155155,-1.277233
2079,-1.9571148,-1.3219819
2080,-1.9953316,-1.3623248
2081,-1.9880588,-1.398776
2082,-1.9614577,-1.4141767
2083,-1.8994677,-1.4054537
2084,-1.8286041,-1.3925239
2085,-1.668851,-1.3436161
2086,-1.4984324,-1.2678329
2087,-1.2936052,-1.1753868
2088,-1.0604967,-1.0568058
2089,-0.7993405,-0.9132259
2090,-0.5384951,-0.7570399
2091,-0.26409894,-0.59925157
2092,-0.008714176,-0.42054442
2093,0.24908325,-0.24260448
2094,0.46862483,-0.07303166
2095,0.6772255,0.084501535
2096,0.8414591,0.20883487
2097,1.0160744,0.37698665
2098,1.1616023,0.50859946
2099,1.289499,0.626982
2100,1.3987797,0.7271846
2101,1.4818907,0.8233852
2102,1.5499749,0.8857957
2103,1.6083126,0.97684383
2104,1.6439046,1.0329812
2105,1.6693525,1.079768
2106,1.6834363,1.1286002
2107,1.676142,1.1442144
2108,1.653903,1.1643693
2109,1.6441432,1.1723988
2110,1.6007566,1.1641785
2111,1.5473326,1.1588808
2112,1.4929076,1.141436
2113,1.4218013,1.1166867
2114,1.3253282,1.0829278
2115,1.2561026,1.0448376
2116,1.1723732,0.9968893
2117,1.0817382,0.9262365
2118,0.9768605,0.88001966
2119,0.8672389,0.80794406
2120,0.7548741,0.7503075
2121,0.63543,0.677238
2122,0.512834,0.60041285
2123,0.39318573,0.5225431
2124,0.2526883,0.42431757
2125,0.13330299,0.35120133
2126,0.002189007,0.2448999
2127,-0.12666278,0.17014982
2128,-0.26064694,0.069035836
2129,-0.38141006,-0.019912366
2130,-0.51687586,-0.1094734
2131,-0.64435786,-0.20417137
2132,-0.7679489,-0.31316563
2133,-0.8956682,-0.4062468
2134,-1.0191196,-0.505658
2135,-1.1451175,-0.5985866
2136,-1.2607799,-0.6921817
2137,-1.3738697,-0.7724586
2138,-1.482048,-0.86080843
2139,-1.5878558,-0.94572437
2140,-1.6916095,-1.0324777
2141,-1.800376,-1.1085021
2142,-1.8480859,-1.1737305
2143,-1.9163522,-1.2450211
2144,-1.9633113,-1.3019956
2145,-1.9972808,-1.3429534
2146,-1.9983292,-1.3837591
2147,-1.9816768,-1.3944623
2148,-1.9237006,-1.397114
2149,-1.8257446,-1.3711364
2150,-1.6951765,-1.3242291
2151,-1.5213387,-1.2504683
2152,-1.3189467,-1.169463
2153,-1.0876567,-1.0469638
2154,-0.8431787,-0.8992582
2155,-0.5701714,-0.7766629
2156,-0.27869928,-0.6046626
2157,-0.017832942,-0.40881273
2158,0.22902757,-0.24125542
2159,0.45969132,-0.073819436
2160,0.6686355,0.084562324
2161,0.85230345,0.23197642
2162,1.0178413,0.3784682
2163,1.1370991,0.50511295
2164,1.2874763,0.6133484
2165,1.3954204,0.72446924
2166,1.4856125,0.80996424
2167,1.5561848,0.88514936
2168,1.6124623,0.9582699
2169,1.6513101,1.0122318
2170,1.6825439,1.0634613
2171,1.6775469,1.0900956
2172,1.6891046,1.1276251
2173,1.6740898,1.1379914
2174,1.6434164,1.1457025
2175,1.6130763,1.1479753
2176,1.5618893,1.1514707
2177,1.4964912,1.1333699
2178,1.4367967,1.1024747
2179,1.3512862,1.0703413
2180,1.2802656,1.0258218
2181,1.1909714,0.98605835
2182,1.0922357,0.931391
2183,0.9861452,0.8753819
2184,0.87670994,0.8116835
2185,0.7652865,0.74183947
2186,0.61968714,0.6753811
2187,0.5213957,0.5926571
2188,0.39471698,0.52232546
2189,0.27148765,0.43808237
2190,0.13513073,0.35286647
2191,0.010160165,0.25865334
2192,-0.11977131,0.16920944
2193,-0.2547822,0.0787557
2194,-0.4020585,-0.018178992
2195,-0.51938033,-0.118290685
2196,-0.66834426,-0.23352665
2197,-0.7762711,-0.31672734
2198,-0.9111081,-0.3954689
2199,-1.0218861,-0.49245697
2200,-1.1417682,-0.5883886
2201,-1.2702483,-0.681353
2202,-1.386834,-0.78280526
2203,-1.4850715,-0.85314995
2204,-1.5969708,-0.944895
2205,-1.6979908,-1.0218575
2206,-1.777761,-1.1028953
2207,-1.8665972,-1.1597008
2208,-1.9341226,-1.2259592
2209,-1.9703969,-1.2790531
2210,-1.9991031,-1.3225263
2211,-2.0089557,-1.3547461
2212,-1.9763786,-1.375292
2213,-1.9214232,-1.3758706
2214,-1.8321998,-1.3533251
2215,-1.6998612,-1.3101915
2216,-1.538655,-1.2420068
2217,-1.3532616,-1.164966
2218,-1.0845996,-1.0440747
2219,-0.82700574,-0.9013563
2220,-0.55061877,-0.75028896
2221,-0.27636752,-0.57244533
2222,-0.031057134,-0.3962841
2223,0.2305885,-0.2384641
2224,0.46030578,-0.06247975
2225,0.64825666,0.092613444
2226,0.8525667,0.23408355
2227,1.0077721,0.36545163
2228,1.1553487,0.43755636
2229,1.2808656,0.6139692
